{"schemaVersion":"1.0","appDefinitionTemplate":{"id":"/providers/Microsoft.PowerApps/apps/","type":"Microsoft.PowerApps/apps","tags":{"primaryDeviceWidth":"640","primaryDeviceHeight":"1136","sienaVersion":"20201031T122809Z-3.20103.28.0","deviceCapabilities":"webcam","supportsPortrait":"true","supportsLandscape":"false","primaryFormFactor":"Phone","publisherVersion":"3.20103.28","minimumRequiredApiVersion":"2.2.0","hasComponent":"false","hasUnlockedComponent":"false","isUnifiedRootApp":"false"},"properties":{"appVersion":"2020-10-31T12:28:09Z","lifeCycleId":"Published","createdByClientVersion":{"major":3,"minor":20103,"build":28,"revision":0,"majorRevision":0,"minorRevision":0},"minClientVersion":{"major":3,"minor":20103,"build":28,"revision":0,"majorRevision":0,"minorRevision":0},"backgroundColor":"rgba(0, 176, 240, 1)","backgroundImageUri":"/10930369077146867107/N92b02350-c762-42f5-8b2c-6cedf94af29f-logoSmallFile","displayName":"Global Biz Apps - Measure in MR","description":"","commitMessage":"","appUris":{"documentUri":{"value":"/10930369077146867107/Nafdd6ddc-310d-4b09-af33-4b4a967a4a4b-document.msapp","readonlyValue":"/10930369077146867107/Nafdd6ddc-310d-4b09-af33-4b4a967a4a4b-document.msapp"},"imageUris":[]},"createdTime":"0001-01-01T00:00:00Z","lastModifiedTime":"0001-01-01T00:00:00Z","sharedGroupsCount":0,"sharedUsersCount":0,"icons":{"smallIconUri":"/10930369077146867107/Nd2f1b21f-dab8-47fc-961e-494f0f7a5279-small.png","mediumIconUri":"/10930369077146867107/N55b0e8af-8f86-4c5e-981f-2ccd9d7d0a00-medium.png","largeIconUri":"/10930369077146867107/N10b0b1ce-ddf2-495d-a039-711ecb1b20c8-large.png","wideIconUri":"/10930369077146867107/N1fe0cd8a-9b2f-465d-aa93-25b38732b2e0-wide.png"},"connectionReferences":{},"databaseReferences":{},"almMode":"Environment","performanceOptimizationEnabled":true,"canConsumeAppPass":true,"executionRestrictions":{"isTeamsOnly":false,"dataLossPreventionEvaluationResult":{"status":"Compliant","lastEvaluationDate":"2020-10-31T12:25:16.8690296Z","violationDetails":[]}}},"isAppComponentLibrary":false,"appType":"ClassicCanvasApp","appComponents":[]}}