{"schemaVersion":"1.0","appDefinitionTemplate":{"id":"/providers/Microsoft.PowerApps/apps/","type":"Microsoft.PowerApps/apps","tags":{"primaryDeviceWidth":"640","primaryDeviceHeight":"1136","sienaVersion":"20201031T124356Z-3.20103.28.0","deviceCapabilities":"webcam","supportsPortrait":"true","supportsLandscape":"false","primaryFormFactor":"Phone","publisherVersion":"3.20103.28","minimumRequiredApiVersion":"2.2.0","hasComponent":"false","hasUnlockedComponent":"false","isUnifiedRootApp":"false"},"properties":{"appVersion":"2020-10-31T12:43:56Z","lifeCycleId":"Published","createdByClientVersion":{"major":3,"minor":20103,"build":28,"revision":0,"majorRevision":0,"minorRevision":0},"minClientVersion":{"major":3,"minor":20103,"build":28,"revision":0,"majorRevision":0,"minorRevision":0},"backgroundColor":"rgba(0, 176, 240, 1)","backgroundImageUri":"/5636378618984931594/Nfdb04570-918b-4256-b65c-34c860866845-logoSmallFile","displayName":"Global Biz Apps - View Shaper in MR","description":"","commitMessage":"","appUris":{"documentUri":{"value":"/5636378618984931594/N65f8cafe-b737-480e-8785-c4420f77575c-document.msapp","readonlyValue":"/5636378618984931594/N65f8cafe-b737-480e-8785-c4420f77575c-document.msapp"},"imageUris":[]},"createdTime":"0001-01-01T00:00:00Z","lastModifiedTime":"0001-01-01T00:00:00Z","sharedGroupsCount":0,"sharedUsersCount":0,"icons":{"smallIconUri":"/5636378618984931594/N9f77ad51-171b-4f9e-848c-3c92cf606023-small.png","mediumIconUri":"/5636378618984931594/N9df32e2f-9ca0-46e8-8b6b-490569b8bffe-medium.png","largeIconUri":"/5636378618984931594/N539f4d36-5d99-46db-96c8-d4ee6b02c215-large.png","wideIconUri":"/5636378618984931594/N46edd397-eefb-4885-8df7-86bd99d3bc5e-wide.png"},"connectionReferences":{},"databaseReferences":{},"almMode":"Environment","performanceOptimizationEnabled":true,"canConsumeAppPass":true,"executionRestrictions":{"isTeamsOnly":false,"dataLossPreventionEvaluationResult":{"status":"Compliant","lastEvaluationDate":"2020-10-31T12:41:51.546695Z","violationDetails":[]}}},"isAppComponentLibrary":false,"appType":"ClassicCanvasApp","appComponents":[]}}