{"name":"a84b065f-f798-aa02-2a3d-8cd9ae5aff94","id":"/providers/Microsoft.Flow/flows/a84b065f-f798-aa02-2a3d-8cd9ae5aff94","type":"Microsoft.Flow/flows","properties":{"apiId":"/providers/Microsoft.PowerApps/apis/shared_logicflows","displayName":"PowerApp -> vIsPublicHoliday,vInPublicHoliday,vWeekDay,Predict","definition":{"metadata":{"workflowEntityId":"a021fb67-7ee6-ea11-a817-000d3a563e61","flowclientsuspensionreason":"None","flowclientsuspensiontime":null,"creator":{"id":"560f9a16-060c-4e6a-b8cc-1bd031a5c88e","type":"User","tenantId":"b714e32b-dad0-4ea8-ba7e-9e0b41e74179"},"provisioningMethod":"FromDefinition","failureAlertSubscription":true,"clientLastModifiedTime":"2020-08-25T03:04:37.1652773Z"},"$schema":"https://schema.management.azure.com/providers/Microsoft.Logic/schemas/2016-06-01/workflowdefinition.json#","contentVersion":"1.0.0.0","parameters":{"$connections":{"defaultValue":{},"type":"Object"},"$authentication":{"defaultValue":{},"type":"SecureObject"},"cdsruntimecertificate":{"type":"String"},"cdsruntimecertificatepassword":{"type":"SecureString"}},"triggers":{"manual":{"type":"Request","kind":"PowerApp","inputs":{"schema":{"type":"object","properties":{"vWeekDay_Value":{"type":"integer","description":"Enter initial value","x-ms-powerflows-param-ispartial":false},"vInPublicHoliday_Value":{"type":"integer","description":"Enter initial value","x-ms-powerflows-param-ispartial":false},"vIsPublicHoliday_Value":{"type":"integer","description":"Enter initial value","x-ms-powerflows-param-ispartial":false}},"required":["vWeekDay_Value","vInPublicHoliday_Value","vIsPublicHoliday_Value"]}}}},"actions":{"vIsPublicHoliday":{"runAfter":{},"type":"InitializeVariable","inputs":{"variables":[{"name":"vIsPublicHoliday","type":"integer","value":"@triggerBody()['vIsPublicHoliday_Value']"}]}},"vIsHoliday":{"runAfter":{"vIsPublicHoliday":["Succeeded"]},"type":"InitializeVariable","inputs":{"variables":[{"name":"vIsHoliday","type":"integer","value":"@triggerBody()['vInPublicHoliday_Value']"}]}},"vWeekDay":{"runAfter":{"vIsHoliday":["Succeeded"]},"type":"InitializeVariable","inputs":{"variables":[{"name":"vWeekDay","type":"integer","value":"@triggerBody()['vWeekDay_Value']"}]}},"Predict":{"runAfter":{"vWeekDay":["Succeeded"]},"metadata":{"flowSystemMetadata":{"portalOperationId":"aibuilderpredict","portalOperationGroup":"aibuilder"}},"type":"OpenApiConnection","inputs":{"host":{"apiId":"/providers/Microsoft.PowerApps/apis/shared_commondataserviceforapps","connectionName":"shared_commondataserviceforapps","operationId":"aibuilderpredict"},"parameters":{"recordId":"976a50d5-cadd-474d-9c43-667ecaf06631","item/requestv2/cr8a4_isworkingday":"@variables('vIsHoliday')","item/requestv2/cr8a4_weekday":"@variables('vWeekDay')","item/requestv2/cr8a4_holiday":"@variables('vIsPublicHoliday')"},"authentication":"@parameters('$authentication')"}},"Respond_to_a_PowerApp_or_flow":{"runAfter":{"Predict":["Succeeded"]},"type":"Response","kind":"PowerApp","inputs":{"statusCode":200,"body":{"prediction":"@{outputs('Predict')?['body/responsev2/predictionOutput/Prediction']}"},"schema":{"type":"object","properties":{"prediction":{"title":"Prediction","x-ms-dynamically-added":true,"type":"string"}}}}}},"outputs":{}},"connectionReferences":{"shared_commondataserviceforapps":{"connectionName":"shared-commondataser-030ec66e-6eb5-4635-87c5-458652e72fa4","source":"Embedded","id":"/providers/Microsoft.PowerApps/apis/shared_commondataserviceforapps","tier":"NotSpecified"}},"flowFailureAlertSubscribed":false}}