{"properties":{"connectionReferences":{},"definition":{"$schema":"https://schema.management.azure.com/providers/Microsoft.Logic/schemas/2016-06-01/workflowdefinition.json#","contentVersion":"1.0.0.0","parameters":{"$authentication":{"defaultValue":{},"type":"SecureObject"}},"triggers":{"manual":{"type":"Request","kind":"PowerApp","inputs":{"schema":{"type":"object","properties":{"Initializevariable_Value":{"type":"string","description":"Enter initial value","x-ms-powerflows-param-ispartial":false}},"required":["Initializevariable_Value"]}}}},"actions":{"Initialize_variable":{"runAfter":{},"type":"InitializeVariable","inputs":{"variables":[{"name":"vCandidateText","type":"string","value":"@{triggerBody()['Initializevariable_Value']}"}]}},"Run_a_Child_Flow":{"runAfter":{"Initialize_variable":["Succeeded"]},"type":"Workflow","inputs":{"host":{"workflowReferenceName":"1b4ec614-38ae-ea11-a812-000d3a3380b8"},"body":{"CandidateInfo":"@variables('vCandidateText')"}}},"Respond_to_a_PowerApp_or_flow":{"runAfter":{"Run_a_Child_Flow":["Succeeded"]},"type":"Response","kind":"PowerApp","inputs":{"statusCode":200,"body":{"entityextraction":"@{outputs('Run_a_Child_Flow')?['Body']}"},"schema":{"type":"object","properties":{"entityextraction":{"title":"EntityExtraction","x-ms-dynamically-added":true,"type":"string"}}}}}},"outputs":{}}},"schemaVersion":"1.0.0.0"}