{"schemaVersion":"1.0","appDefinitionTemplate":{"id":"/providers/Microsoft.PowerApps/apps/","type":"Microsoft.PowerApps/apps","tags":{"primaryDeviceWidth":"1366","primaryDeviceHeight":"768","sienaVersion":"20200929T033813Z-3.20092.39.0","deviceCapabilities":"","supportsPortrait":"false","supportsLandscape":"true","primaryFormFactor":"Tablet","publisherVersion":"3.20092.39","minimumRequiredApiVersion":"2.2.0","hasComponent":"false","hasUnlockedComponent":"false","isUnifiedRootApp":"false"},"properties":{"appVersion":"2020-09-29T03:38:13Z","lifeCycleId":"Published","createdByClientVersion":{"major":3,"minor":20092,"build":39,"revision":0,"majorRevision":0,"minorRevision":0},"minClientVersion":{"major":3,"minor":20092,"build":39,"revision":0,"majorRevision":0,"minorRevision":0},"backgroundColor":"rgba(0, 176, 240, 1)","backgroundImageUri":"/1333872937734697064/N3fe3ba0c-f3e7-4e5a-9b13-13f6c928568e-logoSmallFile","displayName":"LeaveApplication-Final-PoweRapps-Record","description":"","commitMessage":"","appUris":{"documentUri":{"value":"/1333872937734697064/N113507cb-31de-45c8-a1a4-17e7109fdc19-document.msapp","readonlyValue":"/1333872937734697064/N113507cb-31de-45c8-a1a4-17e7109fdc19-document.msapp"},"imageUris":[]},"createdTime":"0001-01-01T00:00:00Z","lastModifiedTime":"0001-01-01T00:00:00Z","sharedGroupsCount":0,"sharedUsersCount":0,"icons":{"smallIconUri":"/1333872937734697064/Nc9220b48-842e-4b96-ae54-dbfa96a61de2-small.png","mediumIconUri":"/1333872937734697064/Nd7c2b59f-9bd9-4acb-8ad0-791c48fbbd88-medium.png","largeIconUri":"/1333872937734697064/N97a11457-8566-4ed9-b2b3-db4d2692be0f-large.png","wideIconUri":"/1333872937734697064/N228d375e-5b9f-4af7-8557-df0d2f548be0-wide.png"},"connectionReferences":{"bb22d47e-c6e0-4fac-b74d-22e1bb85249c":{"id":"69078a87-8f45-4a2f-8e27-cdab4f22b3fd","displayName":"SharePoint","iconUri":"https://connectoricons-prod.azureedge.net/releases/v1.0.1398/1.0.1398.2149/sharepointonline/icon.png","dataSources":["Leaves","Approvers"],"dependencies":[],"dependents":["f14f2572-a090-4c61-ac51-04a0d397c9c2"],"parameterHints":{},"isOnPremiseConnection":false,"bypassConsent":false,"dataSets":{"https://dshah27.sharepoint.com/sites/LeaveApplication":{"dataSources":{"Leaves":{"tableName":"515b561d-4874-4e1c-b8ff-c9cafd3617a0"},"Approvers":{"tableName":"99de5679-971d-4545-b5e6-1dc30a935584"}}}},"apiTier":"Standard","isCustomApiConnection":false},"809123be-cdf2-46ad-97a0-214e58181267":{"id":"a1dfe83b-bb5a-4fc7-a743-595c167cf76b","displayName":"Logic flows","iconUri":"https://resourcestackdeploy.blob.core.windows.net/scripts/13276078.png","dataSources":["InOutParam"],"dependencies":[],"dependents":[],"parameterHints":{"workflowName":{"value":"e8bb4f6b-1a06-4e44-8bba-f145d5566e5d"}},"isOnPremiseConnection":false,"bypassConsent":false,"dataSets":{},"apiTier":"Standard","isCustomApiConnection":false},"6ffef234-2bc6-4937-a0e4-48aca4e171e4":{"id":"a1dfe83b-bb5a-4fc7-a743-595c167cf76b","displayName":"Logic flows","iconUri":"https://resourcestackdeploy.blob.core.windows.net/scripts/13276078.png","dataSources":["PowerApps-InOutParam"],"dependencies":[],"dependents":[],"parameterHints":{"workflowName":{"value":"90b61dc6-de3e-4bd1-a963-88cb0ba24dc8"}},"isOnPremiseConnection":false,"bypassConsent":false,"dataSets":{},"apiTier":"Standard","isCustomApiConnection":false},"f14f2572-a090-4c61-ac51-04a0d397c9c2":{"id":"a1dfe83b-bb5a-4fc7-a743-595c167cf76b","displayName":"Logic flows","iconUri":"https://resourcestackdeploy.blob.core.windows.net/scripts/13276078.png","dataSources":["CheckUserPermission"],"dependencies":["bb22d47e-c6e0-4fac-b74d-22e1bb85249c"],"dependents":[],"parameterHints":{"workflowName":{"value":"7e088405-048f-4caa-ba1b-55692ff76f08"},"bb22d47e-c6e0-4fac-b74d-22e1bb85249c":{"value":"shared_sharepointonline"}},"isOnPremiseConnection":false,"bypassConsent":false,"dataSets":{},"apiTier":"Standard","isCustomApiConnection":false}},"databaseReferences":{},"almMode":"Environment","performanceOptimizationEnabled":true,"canConsumeAppPass":true},"isAppComponentLibrary":false,"appType":"ClassicCanvasApp","appComponents":[]}}