{"schemaVersion":"1.0","appDefinitionTemplate":{"id":"/providers/Microsoft.PowerApps/apps/","type":"Microsoft.PowerApps/apps","tags":{"primaryDeviceWidth":"1366","primaryDeviceHeight":"768","sienaVersion":"20200805T140847Z-3.20072.20.0","deviceCapabilities":"","supportsPortrait":"false","supportsLandscape":"true","primaryFormFactor":"Tablet","publisherVersion":"3.20072.20","minimumRequiredApiVersion":"2.2.0","hasComponent":"false","hasUnlockedComponent":"false","isUnifiedRootApp":"false"},"properties":{"appVersion":"2020-08-05T14:08:47Z","lifeCycleId":"Published","createdByClientVersion":{"major":3,"minor":20072,"build":20,"revision":0,"majorRevision":0,"minorRevision":0},"minClientVersion":{"major":3,"minor":20072,"build":20,"revision":0,"majorRevision":0,"minorRevision":0},"backgroundColor":"rgba(0, 176, 240, 1)","backgroundImageUri":"/11296999538162425918/N24221220-c810-4fee-9bac-4ebf925ffffc-logoSmallFile","displayName":"MerchantReceiptapp","description":"","commitMessage":"","appUris":{"documentUri":{"value":"/11296999538162425918/N16775ef7-7a46-4695-a1a1-f19b4ce2ff73-document.msapp","readonlyValue":"/11296999538162425918/N16775ef7-7a46-4695-a1a1-f19b4ce2ff73-document.msapp"},"imageUris":[]},"createdTime":"0001-01-01T00:00:00Z","lastModifiedTime":"0001-01-01T00:00:00Z","sharedGroupsCount":0,"sharedUsersCount":0,"icons":{"smallIconUri":"/11296999538162425918/N6498fa51-32b3-4ff8-a309-8ffd90ef0f93-small.png","mediumIconUri":"/11296999538162425918/Nf3042027-eebc-4377-85e4-1468191183a2-medium.png","largeIconUri":"/11296999538162425918/N163108ca-f94b-49fc-b066-98492eaf62ad-large.png","wideIconUri":"/11296999538162425918/Nba1c1f60-4467-49ce-8085-07aa8a898bb1-wide.png"},"connectionReferences":{"a8dca619-38ae-48b4-b570-35aa335bffe3":{"id":"23a2d2c8-0af2-466c-a277-ff3048e6028c","displayName":"SharePoint","iconUri":"https://connectoricons-prod.azureedge.net/releases/v1.0.1371/1.0.1371.2074/sharepointonline/icon.png","dataSources":["Employee receipts","Purchased Items"],"dependencies":[],"dependents":[],"parameterHints":{},"isOnPremiseConnection":false,"bypassConsent":false,"dataSets":{"https://ray26.sharepoint.com/sites/AccountPortal/":{"dataSources":{"Employee receipts":{"tableName":"db5d0585-c231-4665-8b84-11a9a50f070c"},"Purchased Items":{"tableName":"f4e08bc5-2185-471b-82d7-a8d3e8f2a64c"}}}},"apiTier":"Standard","isCustomApiConnection":false}},"databaseReferences":{"default.cds":{"databaseDetails":{"referenceType":"Environmental","environmentName":"default.cds"},"dataSources":{"43b0dc67-68af-47ae-9a9c-9e69d396ba3e":{"entitySetName":"msdyn_aimodels","logicalName":"msdyn_aimodel"}}}},"almMode":"Environment","performanceOptimizationEnabled":true,"canConsumeAppPass":true},"isAppComponentLibrary":false,"appType":"ClassicCanvasApp","appComponents":[]}}