{"name":"66bb80ea-118e-4f38-b7c2-c85a682483b7","id":"/providers/Microsoft.Flow/flows/66bb80ea-118e-4f38-b7c2-c85a682483b7","type":"Microsoft.Flow/flows","properties":{"apiId":"/providers/Microsoft.PowerApps/apis/shared_logicflows","displayName":"When an item is created -> Predict,Condition,Send an email (V2)","definition":{"metadata":{"workflowEntityId":null,"flowclientsuspensionreason":"None","flowclientsuspensiontime":null,"creator":{"id":"560f9a16-060c-4e6a-b8cc-1bd031a5c88e","type":"User","tenantId":"b714e32b-dad0-4ea8-ba7e-9e0b41e74179"},"provisioningMethod":"FromDefinition","failureAlertSubscription":true,"clientLastModifiedTime":"2020-08-25T08:34:12.9900467Z"},"$schema":"https://schema.management.azure.com/providers/Microsoft.Logic/schemas/2016-06-01/workflowdefinition.json#","contentVersion":"1.0.0.0","parameters":{"$connections":{"defaultValue":{},"type":"Object"},"$authentication":{"defaultValue":{},"type":"SecureObject"},"cdsruntimecertificate":{"type":"String"},"cdsruntimecertificatepassword":{"type":"SecureString"}},"triggers":{"When_an_item_is_created":{"recurrence":{"frequency":"Minute","interval":3},"splitOn":"@triggerOutputs()?['body/value']","type":"OpenApiConnection","inputs":{"host":{"apiId":"/providers/Microsoft.PowerApps/apis/shared_sharepointonline","connectionName":"shared_sharepointonline","operationId":"GetOnNewItems"},"parameters":{"dataset":"https://ray26.sharepoint.com/sites/HealthCare","table":"4f7c80ff-859a-4f14-b518-5fa881528e45"},"authentication":"@parameters('$authentication')"}}},"actions":{"Predict":{"runAfter":{},"metadata":{"flowSystemMetadata":{"portalOperationId":"aibuilderpredict","portalOperationGroup":"aibuilder"}},"type":"OpenApiConnection","inputs":{"host":{"apiId":"/providers/Microsoft.PowerApps/apis/shared_commondataserviceforapps","connectionName":"shared_commondataserviceforapps","operationId":"aibuilderpredict"},"parameters":{"recordId":"f1c549c2-a97e-47a5-b612-c5c2bab0f163","item/requestv2/language":"en","item/requestv2/text":"@triggerOutputs()?['body/Title']"},"authentication":"@parameters('$authentication')"}},"Condition":{"actions":{"Send_an_email_(V2)":{"runAfter":{},"type":"OpenApiConnection","inputs":{"host":{"apiId":"/providers/Microsoft.PowerApps/apis/shared_office365","connectionName":"shared_office365","operationId":"SendEmailV2"},"parameters":{"emailMessage/To":"dhruvshah@ray26.onmicrosoft.com","emailMessage/Subject":"Need your Attention","emailMessage/Body":"<p>Hello,<br>\n<br>\nWe have received negative feedback for below tags:<br>\n<br>\n@{triggerOutputs()?['body/Tags']}<br>\n<br>\nThe feedback description is: @{triggerOutputs()?['body/Title']}<br>\n<br>\nPlease take an action on it.</p>"},"authentication":"@parameters('$authentication')"}}},"runAfter":{"Predict":["Succeeded"]},"expression":{"equals":["@outputs('Predict')?['body/responsev2/predictionOutput/result/sentiment']","negative"]},"type":"If"}}},"connectionReferences":{"shared_commondataserviceforapps":{"connectionName":"shared-commondataser-030ec66e-6eb5-4635-87c5-458652e72fa4","source":"Embedded","id":"/providers/Microsoft.PowerApps/apis/shared_commondataserviceforapps","tier":"NotSpecified"},"shared_office365":{"connectionName":"shared-office365-732748f8-d6c5-4362-a350-b06086c44815","source":"Embedded","id":"/providers/Microsoft.PowerApps/apis/shared_office365","tier":"NotSpecified"},"shared_sharepointonline":{"connectionName":"f17a70f615d549f59671ae23da6352fb","source":"Embedded","id":"/providers/Microsoft.PowerApps/apis/shared_sharepointonline","tier":"NotSpecified"}},"flowFailureAlertSubscribed":false}}