{"schemaVersion":"1.0","appDefinitionTemplate":{"id":"/providers/Microsoft.PowerApps/apps/","type":"Microsoft.PowerApps/apps","tags":{"primaryDeviceWidth":"1366","primaryDeviceHeight":"768","sienaVersion":"20200909T040223Z-3.20083.24.0","deviceCapabilities":"","supportsPortrait":"false","supportsLandscape":"true","primaryFormFactor":"Tablet","publisherVersion":"3.20083.24","minimumRequiredApiVersion":"2.2.0","hasComponent":"false","hasUnlockedComponent":"false","isUnifiedRootApp":"false"},"properties":{"appVersion":"2020-09-09T04:02:23Z","lifeCycleId":"Published","createdByClientVersion":{"major":3,"minor":20083,"build":24,"revision":0,"majorRevision":0,"minorRevision":0},"minClientVersion":{"major":3,"minor":20083,"build":24,"revision":0,"majorRevision":0,"minorRevision":0},"backgroundColor":"rgba(0, 176, 240, 1)","backgroundImageUri":"/9320813599242392610/Nc1ca847a-b3d4-4fab-95d4-4962aabc2b24-logoSmallFile","displayName":"Receipt Processing","description":"","commitMessage":"","appUris":{"documentUri":{"value":"/9320813599242392610/N0da4dbfb-bd2c-4f62-aa09-71cc6b6c362e-document.msapp","readonlyValue":"/9320813599242392610/N0da4dbfb-bd2c-4f62-aa09-71cc6b6c362e-document.msapp"},"imageUris":[]},"createdTime":"0001-01-01T00:00:00Z","lastModifiedTime":"0001-01-01T00:00:00Z","sharedGroupsCount":0,"sharedUsersCount":0,"icons":{"smallIconUri":"/9320813599242392610/N0810eaf3-6ce7-4aea-81bd-82a68ae5df5d-small.png","mediumIconUri":"/9320813599242392610/N0954c9dd-11b0-476f-afd9-be10545a062e-medium.png","largeIconUri":"/9320813599242392610/N9b8bd09f-6321-4778-a6cc-6318fb90aa5f-large.png","wideIconUri":"/9320813599242392610/N7a438eca-3f9a-4df9-ac3c-6c9cbb5b4bcb-wide.png"},"connectionReferences":{"a8dca619-38ae-48b4-b570-35aa335bffe3":{"id":"0a4e820a-b965-4a3f-8be4-2f216cb60108","displayName":"SharePoint","iconUri":"https://connectoricons-prod.azureedge.net/releases/v1.0.1389/1.0.1389.2117/sharepointonline/icon.png","dataSources":["Employee receipts","Purchased Items"],"dependencies":[],"dependents":[],"parameterHints":{},"isOnPremiseConnection":false,"bypassConsent":false,"dataSets":{"https://ray26.sharepoint.com/sites/AccountPortal/":{"dataSources":{"Employee receipts":{"tableName":"db5d0585-c231-4665-8b84-11a9a50f070c"},"Purchased Items":{"tableName":"f4e08bc5-2185-471b-82d7-a8d3e8f2a64c"}}}},"apiTier":"Standard","isCustomApiConnection":false}},"databaseReferences":{"default.cds":{"databaseDetails":{"referenceType":"Environmental","environmentName":"default.cds"},"dataSources":{"43b0dc67-68af-47ae-9a9c-9e69d396ba3e":{"entitySetName":"msdyn_aimodels","logicalName":"msdyn_aimodel"}}}},"almMode":"Environment","performanceOptimizationEnabled":true,"canConsumeAppPass":true},"isAppComponentLibrary":false,"appType":"ClassicCanvasApp","appComponents":[]}}