{"schemaVersion":"1.0","appDefinitionTemplate":{"id":"/providers/Microsoft.PowerApps/apps/","type":"Microsoft.PowerApps/apps","tags":{"primaryDeviceWidth":"1366","primaryDeviceHeight":"768","sienaVersion":"20200821T043244Z-3.20082.19.0","deviceCapabilities":"","supportsPortrait":"false","supportsLandscape":"true","primaryFormFactor":"Tablet","publisherVersion":"3.20082.19","minimumRequiredApiVersion":"2.2.0","hasComponent":"false","hasUnlockedComponent":"false","isUnifiedRootApp":"false"},"properties":{"appVersion":"2020-08-21T04:32:44Z","lifeCycleId":"Published","createdByClientVersion":{"major":3,"minor":20082,"build":19,"revision":0,"majorRevision":0,"minorRevision":0},"minClientVersion":{"major":3,"minor":20082,"build":19,"revision":0,"majorRevision":0,"minorRevision":0},"backgroundColor":"rgba(0, 176, 240, 1)","backgroundImageUri":"/7801589424384770590/N42151aba-2d93-4a52-acc4-bfd45852b2d0-logoSmallFile","displayName":"Leave-Application","description":"","commitMessage":"","appUris":{"documentUri":{"value":"/7801589424384770590/N8b75d5ad-9268-4354-9ed2-78423af1958f-document.msapp","readonlyValue":"/7801589424384770590/N8b75d5ad-9268-4354-9ed2-78423af1958f-document.msapp"},"imageUris":[]},"createdTime":"0001-01-01T00:00:00Z","lastModifiedTime":"0001-01-01T00:00:00Z","sharedGroupsCount":0,"sharedUsersCount":0,"icons":{"smallIconUri":"/7801589424384770590/Neb64d475-c4be-4d33-a5a2-0f58223b0141-small.png","mediumIconUri":"/7801589424384770590/Na6c1d8e3-6719-4b32-8a02-ef30aba3ef5e-medium.png","largeIconUri":"/7801589424384770590/N99a40017-3ac6-449d-a415-320369caa2a1-large.png","wideIconUri":"/7801589424384770590/Ncf9c50d7-2a2b-40da-bab1-87eac5d440cc-wide.png"},"connectionReferences":{"d810e9bf-1830-444f-8c25-a614cf5e787d":{"id":"69078a87-8f45-4a2f-8e27-cdab4f22b3fd","displayName":"SharePoint","iconUri":"https://connectoricons-prod.azureedge.net/releases/v1.0.1371/1.0.1371.2074/sharepointonline/icon.png","dataSources":["Approvers","Leaves"],"dependencies":[],"dependents":["fbf7a6f3-33ca-4b07-8600-fca0354caf57"],"parameterHints":{},"isOnPremiseConnection":false,"bypassConsent":false,"dataSets":{"https://dshah27.sharepoint.com/sites/LeaveApplication":{"dataSources":{"Approvers":{"tableName":"99de5679-971d-4545-b5e6-1dc30a935584"},"Leaves":{"tableName":"515b561d-4874-4e1c-b8ff-c9cafd3617a0"}}}},"apiTier":"Standard","isCustomApiConnection":false},"fbf7a6f3-33ca-4b07-8600-fca0354caf57":{"id":"a1dfe83b-bb5a-4fc7-a743-595c167cf76b","displayName":"Logic flows","iconUri":"https://resourcestackdeploy.blob.core.windows.net/scripts/13276078.png","dataSources":["CheckUserPermission"],"dependencies":["d810e9bf-1830-444f-8c25-a614cf5e787d"],"dependents":[],"parameterHints":{"workflowName":{"value":"7e088405-048f-4caa-ba1b-55692ff76f08"},"d810e9bf-1830-444f-8c25-a614cf5e787d":{"value":"shared_sharepointonline"}},"isOnPremiseConnection":false,"bypassConsent":false,"dataSets":{},"apiTier":"Standard","isCustomApiConnection":false}},"databaseReferences":{},"almMode":"Environment","performanceOptimizationEnabled":true,"canConsumeAppPass":true},"isAppComponentLibrary":false,"appType":"ClassicCanvasApp","appComponents":[]}}