{"schemaVersion":"1.0","appDefinitionTemplate":{"id":"/providers/Microsoft.PowerApps/apps/","type":"Microsoft.PowerApps/apps","tags":{"primaryDeviceWidth":"1366","primaryDeviceHeight":"768","sienaVersion":"20210111T100616Z-3.20114.22.0","deviceCapabilities":"","supportsPortrait":"false","supportsLandscape":"true","primaryFormFactor":"Tablet","publisherVersion":"3.20114.22","minimumRequiredApiVersion":"2.2.0","hasComponent":"false","hasUnlockedComponent":"false","isUnifiedRootApp":"false"},"properties":{"appVersion":"2021-01-11T10:06:16Z","lifeCycleId":"Published","createdByClientVersion":{"major":3,"minor":20114,"build":22,"revision":0,"majorRevision":0,"minorRevision":0},"minClientVersion":{"major":3,"minor":20114,"build":22,"revision":0,"majorRevision":0,"minorRevision":0},"backgroundColor":"rgba(0, 176, 240, 1)","backgroundImageUri":"/1941128282054872369/Neca0d203-482c-436a-addc-ae3ac0501a3a-logoSmallFile","displayName":"Multi-Form Processing","description":"","commitMessage":"","appUris":{"documentUri":{"value":"/1941128282054872369/N6bc5d1d6-3008-4851-bda0-c652575d675a-document.msapp"},"imageUris":[]},"createdTime":"0001-01-01T00:00:00Z","lastModifiedTime":"0001-01-01T00:00:00Z","sharedGroupsCount":0,"sharedUsersCount":0,"icons":{"smallIconUri":"/1941128282054872369/N5bc0d0fb-1e17-421e-9a3b-55286be88a92-small.png","mediumIconUri":"/1941128282054872369/Nf5ecdf6c-352b-4c51-9a0f-eaa2389b39eb-medium.png","largeIconUri":"/1941128282054872369/N83b6cb02-d889-4a65-b7d5-ec9cf9d93003-large.png","wideIconUri":"/1941128282054872369/N5e5049d1-0528-497a-b04b-a4c2d0d3282c-wide.png"},"connectionReferences":{"036df799-1be8-4afe-b39b-190dcea8bffe":{"id":"51408b7c-ba6a-4025-bd63-4b80e724c247","displayName":"SharePoint","iconUri":"https://connectoricons-prod.azureedge.net/releases/v1.0.1426/1.0.1426.2268/sharepointonline/icon.png","dataSources":["Invoice-Multiples","Invoice Line Items"],"dependencies":[],"dependents":["c870a338-f6a5-445f-8493-df5ab47be239"],"parameterHints":{},"isOnPremiseConnection":false,"bypassConsent":false,"dataSets":{"https://ray26.sharepoint.com/sites/AIDemos":{"dataSources":{"Invoice-Multiples":{"tableName":"55fc8505-e767-4637-859a-08839130898c"},"Invoice Line Items":{"tableName":"a842f36b-4c92-4701-8e79-6c2c1bdec7c2"}}}},"apiTier":"Standard","isCustomApiConnection":false},"c870a338-f6a5-445f-8493-df5ab47be239":{"id":"0aa0dabf-1974-4104-a5e3-19a1a09edd7d","displayName":"Logic flows","iconUri":"https://resourcestackdeploy.blob.core.windows.net/scripts/13276078.png","dataSources":["SaveAttachment"],"dependencies":["036df799-1be8-4afe-b39b-190dcea8bffe"],"dependents":[],"parameterHints":{"workflowName":{"value":"7ec3918a-efe8-4d0f-891d-17f5086b88a0"},"036df799-1be8-4afe-b39b-190dcea8bffe":{"value":"shared_sharepointonline"}},"isOnPremiseConnection":false,"bypassConsent":false,"dataSets":{},"apiTier":"Standard","isCustomApiConnection":false,"actions":["Run"]}},"databaseReferences":{"default.cds":{"databaseDetails":{"referenceType":"Environmental","environmentName":"default.cds"},"dataSources":{"43b0dc67-68af-47ae-9a9c-9e69d396ba3e":{"entitySetName":"msdyn_aimodels","logicalName":"msdyn_aimodel"}}}},"almMode":"Environment","performanceOptimizationEnabled":true,"canConsumeAppPass":true,"executionRestrictions":{"isTeamsOnly":false,"dataLossPreventionEvaluationResult":{"status":"Compliant","lastEvaluationDate":"2021-01-11T10:05:01.1757939Z","violationDetails":[]}}},"isAppComponentLibrary":false,"appType":"ClassicCanvasApp","appComponents":[]}}