{"schemaVersion":"1.0","appDefinitionTemplate":{"id":"/providers/Microsoft.PowerApps/apps/","type":"Microsoft.PowerApps/apps","tags":{"primaryDeviceWidth":"1366","primaryDeviceHeight":"768","sienaVersion":"20200806T095923Z-3.20074.20.0","deviceCapabilities":"","supportsPortrait":"false","supportsLandscape":"true","primaryFormFactor":"Tablet","publisherVersion":"3.20074.20","minimumRequiredApiVersion":"2.2.0","hasComponent":"false","hasUnlockedComponent":"false","isUnifiedRootApp":"false"},"properties":{"appVersion":"2020-08-06T09:59:23Z","lifeCycleId":"Published","createdByClientVersion":{"major":3,"minor":20074,"build":20,"revision":0,"majorRevision":0,"minorRevision":0},"minClientVersion":{"major":3,"minor":20074,"build":20,"revision":0,"majorRevision":0,"minorRevision":0},"backgroundColor":"rgba(0, 176, 240, 1)","backgroundImageUri":"/3356935298995155299/N2fbf0727-e2d7-4b1e-afa5-b26e314c82e9-logoSmallFile","displayName":"LookUp Ad new column","description":"","commitMessage":"","appUris":{"documentUri":{"value":"/3356935298995155299/N36fd2e83-fdb6-4667-9478-607c39811c4e-document.msapp","readonlyValue":"/3356935298995155299/N36fd2e83-fdb6-4667-9478-607c39811c4e-document.msapp"},"imageUris":[]},"createdTime":"0001-01-01T00:00:00Z","lastModifiedTime":"0001-01-01T00:00:00Z","sharedGroupsCount":0,"sharedUsersCount":0,"icons":{"smallIconUri":"/3356935298995155299/N32b26c4f-6534-4f5a-9b8d-6b6c3a341159-small.png","mediumIconUri":"/3356935298995155299/Ncb4189b6-07eb-4636-bbcd-59a38f9cb1e2-medium.png","largeIconUri":"/3356935298995155299/N964169eb-e4e9-4e1a-87e6-4df00b900e25-large.png","wideIconUri":"/3356935298995155299/Naea081db-0763-4452-9857-368ce3b022b5-wide.png"},"connectionReferences":{"a848e7e1-3b69-4aa2-9d94-9627b8f5b025":{"id":"69078a87-8f45-4a2f-8e27-cdab4f22b3fd","displayName":"SharePoint","iconUri":"https://connectoricons-prod.azureedge.net/releases/v1.0.1371/1.0.1371.2074/sharepointonline/icon.png","dataSources":["Requests"],"dependencies":[],"dependents":[],"parameterHints":{},"isOnPremiseConnection":false,"bypassConsent":false,"dataSets":{"https://dshah27.sharepoint.com/sites/Poem":{"dataSources":{"Requests":{"tableName":"1f3d20a5-37a6-48e4-b8b3-20fe4ea56e11"}}}},"apiTier":"Standard","isCustomApiConnection":false}},"databaseReferences":{},"almMode":"Environment","performanceOptimizationEnabled":true,"canConsumeAppPass":true},"isAppComponentLibrary":false,"appType":"ClassicCanvasApp","appComponents":[]}}