{"name":"476a2c14-5ee2-4017-b60b-ddb844d9173f","id":"/providers/Microsoft.Flow/flows/476a2c14-5ee2-4017-b60b-ddb844d9173f","type":"Microsoft.Flow/flows","properties":{"apiId":"/providers/Microsoft.PowerApps/apis/shared_logicflows","displayName":"PowerApps-InOutParam","definition":{"metadata":{"workflowEntityId":null,"flowclientsuspensionreason":"None","flowclientsuspensiontime":null,"creator":{"id":"4ba735f3-f97e-47d5-9b8c-b39a58959618","type":"User","tenantId":"3ac4ca00-2fc7-461f-90ca-497e2b3db5df"},"provisioningMethod":"FromDefinition","failureAlertSubscription":true,"clientLastModifiedTime":"2020-09-28T17:35:49.7356293Z"},"$schema":"https://schema.management.azure.com/providers/Microsoft.Logic/schemas/2016-06-01/workflowdefinition.json#","contentVersion":"1.0.0.0","parameters":{"$authentication":{"defaultValue":{},"type":"SecureObject"}},"triggers":{"manual":{"type":"Request","kind":"PowerApp","inputs":{"schema":{"type":"object","properties":{"vEmail_Value":{"type":"string","description":"Enter initial value","x-ms-powerflows-param-ispartial":false},"vPhone_Value":{"type":"string","description":"Enter initial value","x-ms-powerflows-param-ispartial":false}},"required":["vEmail_Value","vPhone_Value"]}}}},"actions":{"vEmail":{"runAfter":{},"type":"InitializeVariable","inputs":{"variables":[{"name":"vEmail","type":"string","value":"@{triggerBody()['vEmail_Value']}"}]}},"vPhone":{"runAfter":{"vEmail":["Succeeded"]},"type":"InitializeVariable","inputs":{"variables":[{"name":"vPhone","type":"string","value":"@{triggerBody()['vPhone_Value']}"}]}},"vOutput":{"runAfter":{"vPhone":["Succeeded"]},"type":"InitializeVariable","inputs":{"variables":[{"name":"vOutput","type":"string","value":"@{concat(variables('vEmail'),variables('vPhone'))}"}]}},"Respond_to_a_PowerApp_or_flow":{"runAfter":{"Initialize_variable":["Succeeded"]},"type":"Response","kind":"PowerApp","inputs":{"statusCode":200,"body":{"vtextop":"@variables('vOutput')","vsuccess":"@{true}","vemail":"@variables('vEmail')","vnum":"@{variables('num')}","vdate":"@{utcNow()}"},"schema":{"type":"object","properties":{"vtextop":{"title":"vTextOP","x-ms-dynamically-added":true,"type":"string"},"vsuccess":{"title":"vSuccess","x-ms-dynamically-added":true,"type":"boolean"},"vemail":{"title":"vEmail","x-ms-dynamically-added":true,"type":"string","format":"email"},"vnum":{"title":"vNum","x-ms-dynamically-added":true,"type":"number"},"vdate":{"title":"vDate","x-ms-dynamically-added":true,"type":"string","format":"date"}}}}},"Initialize_variable":{"runAfter":{"vOutput":["Succeeded"]},"type":"InitializeVariable","inputs":{"variables":[{"name":"num","type":"integer","value":500}]}}}},"connectionReferences":{},"flowFailureAlertSubscribed":false}}