{"name":"7b6edc35-fc84-485b-bd12-411f49a7bdd6","id":"/providers/Microsoft.Flow/flows/7b6edc35-fc84-485b-bd12-411f49a7bdd6","type":"Microsoft.Flow/flows","properties":{"apiId":"/providers/Microsoft.PowerApps/apis/shared_logicflows","displayName":"InOutParam","definition":{"metadata":{"workflowEntityId":null,"flowclientsuspensionreason":"None","flowclientsuspensiontime":null,"creator":{"id":"4ba735f3-f97e-47d5-9b8c-b39a58959618","type":"User","tenantId":"3ac4ca00-2fc7-461f-90ca-497e2b3db5df"},"provisioningMethod":"FromDefinition","failureAlertSubscription":true,"clientLastModifiedTime":"2020-09-28T16:06:01.6761783Z"},"$schema":"https://schema.management.azure.com/providers/Microsoft.Logic/schemas/2016-06-01/workflowdefinition.json#","contentVersion":"1.0.0.0","parameters":{"$authentication":{"defaultValue":{},"type":"SecureObject"}},"triggers":{"manual":{"type":"Request","kind":"PowerApp","inputs":{"schema":{"type":"object","properties":{"vEmail_Value":{"type":"string","description":"Enter initial value","x-ms-powerflows-param-ispartial":false},"vPhone_Value":{"type":"string","description":"Enter initial value","x-ms-powerflows-param-ispartial":false}},"required":["vEmail_Value","vPhone_Value"]}}}},"actions":{"vEmail":{"runAfter":{},"type":"InitializeVariable","inputs":{"variables":[{"name":"vEmail","type":"string","value":"@{triggerBody()['vEmail_Value']}"}]}},"vPhone":{"runAfter":{"vEmail":["Succeeded"]},"type":"InitializeVariable","inputs":{"variables":[{"name":"vPhone","type":"string","value":"@{triggerBody()['vPhone_Value']}"}]}},"Initialize_variable":{"runAfter":{"vPhone":["Succeeded"]},"type":"InitializeVariable","inputs":{"variables":[{"name":"vOutput","type":"string"}]}},"Set_variable":{"runAfter":{"Initialize_variable":["Succeeded"]},"type":"SetVariable","inputs":{"name":"vOutput","value":"@{concat(variables('vEmail'),variables('vPhone'))}"}},"Respond_to_a_PowerApp_or_flow":{"runAfter":{"Set_variable":["Succeeded"]},"type":"Response","kind":"PowerApp","inputs":{"statusCode":200,"body":{"returnfromflow":"@variables('vOutput')","successmessage":"@{true}","vemail":"\"dhruvinshah16@gmail.com\"","vnumber":"500","vdate":"\"22/09/2020\""},"schema":{"type":"object","properties":{"returnfromflow":{"title":"ReturnFromFlow","x-ms-dynamically-added":true,"type":"string"},"successmessage":{"title":"SuccessMessage","x-ms-dynamically-added":true,"type":"boolean"},"vemail":{"title":"vEmail","x-ms-dynamically-added":true,"type":"string","format":"email"},"vnumber":{"title":"vNumber","x-ms-dynamically-added":true,"type":"number"},"vdate":{"title":"vDate","x-ms-dynamically-added":true,"type":"string","format":"date"}}}}}}},"connectionReferences":{},"flowFailureAlertSubscribed":false}}