{"schemaVersion":"1.0","appDefinitionTemplate":{"id":"/providers/Microsoft.PowerApps/apps/","type":"Microsoft.PowerApps/apps","tags":{"primaryDeviceWidth":"1366","primaryDeviceHeight":"768","sienaVersion":"58668ecc-5fb9-4500-b6df-882adf57498c","deviceCapabilities":"","supportsPortrait":"false","supportsLandscape":"true","primaryFormFactor":"Tablet","publisherVersion":"3.20112.37","minimumRequiredApiVersion":"2.2.0","hasComponent":"false","hasUnlockedComponent":"false","isUnifiedRootApp":"false"},"properties":{"appVersion":"2020-11-20T10:22:33Z","lifeCycleId":"Published","createdByClientVersion":{"major":3,"minor":20112,"build":37,"revision":0,"majorRevision":0,"minorRevision":0},"minClientVersion":{"major":3,"minor":20112,"build":37,"revision":0,"majorRevision":0,"minorRevision":0},"backgroundColor":"rgba(0, 176, 240, 1)","backgroundImageUri":"/9677356082654012213/Nfa4c7331-5a1e-458c-9391-f1e17bbad1b7-logoSmallFile","displayName":"Responsive Canvas App - Practice","description":"","commitMessage":"","appUris":{"documentUri":{"value":"/9677356082654012213/N01ee4626-96c8-45ec-9356-95bbe08b52b1-document.msapp"},"imageUris":[]},"createdTime":"0001-01-01T00:00:00Z","lastModifiedTime":"0001-01-01T00:00:00Z","sharedGroupsCount":0,"sharedUsersCount":0,"icons":{"smallIconUri":"/9677356082654012213/N88b7293e-d304-46ed-b3eb-860d7182c4e1-small.png","mediumIconUri":"/9677356082654012213/N47dc3613-6730-4825-b794-05f042a88e9d-medium.png","largeIconUri":"/9677356082654012213/N7945b4df-27b3-4456-9c84-1bebef6f16ad-large.png","wideIconUri":"/9677356082654012213/N4728fb4c-7ac7-46dc-8da3-f2fbc3b9a091-wide.png"},"connectionReferences":{"0b8347c5-2dd5-4de2-b58f-2c1f422313c7":{"id":"69078a87-8f45-4a2f-8e27-cdab4f22b3fd","displayName":"SharePoint","iconUri":"https://connectoricons-prod.azureedge.net/releases/v1.0.1416/1.0.1416.2232/sharepointonline/icon.png","dataSources":["Leaves"],"dependencies":[],"dependents":[],"parameterHints":{},"isOnPremiseConnection":false,"dataSets":{"https://dshah27.sharepoint.com/sites/LeaveApplication":{"dataSources":{"Leaves":{"tableName":"515b561d-4874-4e1c-b8ff-c9cafd3617a0"}}}},"apiTier":"Standard","isCustomApiConnection":false}},"databaseReferences":{},"almMode":"Environment","performanceOptimizationEnabled":true,"canConsumeAppPass":true,"executionRestrictions":{"isTeamsOnly":false,"dataLossPreventionEvaluationResult":{"status":"Compliant","lastEvaluationDate":"2020-11-20T10:22:44.2898513Z","violationDetails":[]}}},"isAppComponentLibrary":false,"appType":"ClassicCanvasApp","appComponents":[]}}