{"name":"110f1a31-c850-4020-99a7-456b69f33011","id":"/providers/Microsoft.Flow/flows/110f1a31-c850-4020-99a7-456b69f33011","type":"Microsoft.Flow/flows","properties":{"apiId":"/providers/Microsoft.PowerApps/apis/shared_logicflows","displayName":"CheckUserPermission","definition":{"metadata":{"workflowEntityId":null,"flowclientsuspensionreason":"None","flowclientsuspensiontime":null,"creator":{"id":"4ba735f3-f97e-47d5-9b8c-b39a58959618","type":"User","tenantId":"3ac4ca00-2fc7-461f-90ca-497e2b3db5df"},"provisioningMethod":"FromDefinition","failureAlertSubscription":true,"clientLastModifiedTime":"2020-09-29T03:26:45.2950488Z"},"$schema":"https://schema.management.azure.com/providers/Microsoft.Logic/schemas/2016-06-01/workflowdefinition.json#","contentVersion":"1.0.0.0","parameters":{"$connections":{"defaultValue":{},"type":"Object"},"$authentication":{"defaultValue":{},"type":"SecureObject"}},"triggers":{"manual":{"type":"Request","kind":"PowerApp","inputs":{"schema":{"type":"object","properties":{"Email_Value":{"type":"string","description":"Enter initial value","x-ms-powerflows-param-ispartial":false}},"required":["Email_Value"]}}}},"actions":{"Email":{"runAfter":{},"type":"InitializeVariable","inputs":{"variables":[{"name":"vEmail","type":"string","value":"@triggerBody()['Email_Value']"}]}},"Send_an_HTTP_request_to_SharePoint":{"runAfter":{"Initialize_variable":["Succeeded"]},"type":"OpenApiConnection","inputs":{"host":{"apiId":"/providers/Microsoft.PowerApps/apis/shared_sharepointonline","connectionName":"shared_sharepointonline","operationId":"HttpRequest"},"parameters":{"dataset":"https://dshah27.sharepoint.com/sites/LeaveApplication","parameters/method":"GET","parameters/uri":"/_api/web/sitegroups/getbyname('Managers')/users?$filter=EMail eq '@{variables('vEmail')}' ","parameters/headers":{"Accept":"application/json; odata=verbose"}},"authentication":{"value":"@json(decodeBase64(triggerOutputs().headers['X-MS-APIM-Tokens']))['$ConnectionKey']","type":"Raw"}}},"Initialize_variable":{"runAfter":{"Email":["Succeeded"]},"type":"InitializeVariable","inputs":{"variables":[{"name":"UserInfo","type":"array"}]}},"Set_variable":{"runAfter":{"Send_an_HTTP_request_to_SharePoint":["Succeeded"]},"type":"SetVariable","inputs":{"name":"UserInfo","value":"@body('Send_an_HTTP_request_to_SharePoint')['d']['results']"}},"Condition":{"actions":{"Set_variable_2":{"runAfter":{},"type":"SetVariable","inputs":{"name":"isManager","value":"Yes"}}},"runAfter":{"Initialize_variable_2":["Succeeded"]},"else":{"actions":{"Set_variable_3":{"runAfter":{},"type":"SetVariable","inputs":{"name":"isManager","value":"No"}}}},"expression":{"not":{"equals":["@empty(variables('UserInfo'))",true]}},"type":"If"},"Initialize_variable_2":{"runAfter":{"Set_variable":["Succeeded"]},"type":"InitializeVariable","inputs":{"variables":[{"name":"isManager","type":"string","value":"No"}]}},"Respond_to_a_PowerApp_or_flow":{"runAfter":{"Condition":["Succeeded"]},"type":"Response","kind":"PowerApp","inputs":{"statusCode":200,"body":{"ismanager":"@variables('isManager')"},"schema":{"type":"object","properties":{"ismanager":{"title":"isManager","x-ms-dynamically-added":true,"type":"string"}}}}}}},"connectionReferences":{"shared_sharepointonline":{"connectionName":"8d030b88739c4ff39cfe4f6c9e5675db","source":"Invoker","id":"/providers/Microsoft.PowerApps/apis/shared_sharepointonline","tier":"NotSpecified"}},"flowFailureAlertSubscribed":false}}