{"name":"bd70a1d9-ea07-4f6d-ad73-f41092a00dd3","id":"/providers/Microsoft.Flow/flows/bd70a1d9-ea07-4f6d-ad73-f41092a00dd3","type":"Microsoft.Flow/flows","properties":{"apiId":"/providers/Microsoft.PowerApps/apis/shared_logicflows","displayName":"Email Notification - Leave Application","definition":{"metadata":{"workflowEntityId":null,"flowclientsuspensionreason":"None","flowclientsuspensiontime":null,"creator":{"id":"4ba735f3-f97e-47d5-9b8c-b39a58959618","type":"User","tenantId":"3ac4ca00-2fc7-461f-90ca-497e2b3db5df"},"provisioningMethod":"FromDefinition","failureAlertSubscription":true,"clientLastModifiedTime":"2020-08-17T01:51:53.6066546Z"},"$schema":"https://schema.management.azure.com/providers/Microsoft.Logic/schemas/2016-06-01/workflowdefinition.json#","contentVersion":"1.0.0.0","parameters":{"$connections":{"defaultValue":{},"type":"Object"},"$authentication":{"defaultValue":{},"type":"SecureObject"}},"triggers":{"When_an_item_is_created":{"recurrence":{"frequency":"Minute","interval":1},"splitOn":"@triggerOutputs()?['body/value']","type":"OpenApiConnection","inputs":{"host":{"apiId":"/providers/Microsoft.PowerApps/apis/shared_sharepointonline","connectionName":"shared_sharepointonline","operationId":"GetOnNewItems"},"parameters":{"dataset":"https://dshah27.sharepoint.com/sites/LeaveApplication","table":"515b561d-4874-4e1c-b8ff-c9cafd3617a0"},"authentication":"@parameters('$authentication')"}}},"actions":{"Send_an_email_(V2)":{"runAfter":{"Initialize_variable":["Succeeded"]},"type":"OpenApiConnection","inputs":{"host":{"apiId":"/providers/Microsoft.PowerApps/apis/shared_office365","connectionName":"shared_office365","operationId":"SendEmailV2"},"parameters":{"emailMessage/To":"@triggerOutputs()?['body/Manager/Email']","emailMessage/Subject":"Leave Applied for - @{triggerOutputs()?['body/StartDate']} to @{triggerOutputs()?['body/EndDate']}","emailMessage/Body":"<p>Hello @{triggerOutputs()?['body/Manager/DisplayName']},<br>\n<br>\n@{triggerOutputs()?['body/Author/DisplayName']} has applied a leave. Below is the information.<br>\n<br>\nReason:@{triggerOutputs()?['body/Title']}<br>\nStart Date: @{triggerOutputs()?['body/StartDate']}<br>\nEnd Date: @{triggerOutputs()?['body/EndDate']}<br>\n# of Days: @{triggerOutputs()?['body/OData__x0023_ofDays']}<br>\n<br>\nYou can directly access Approve/Reject using <a href=\"@{variables('vURL')}\" target=\"_new\">Link</a><br>\n</p>"},"authentication":"@parameters('$authentication')"}},"Initialize_variable":{"runAfter":{},"type":"InitializeVariable","inputs":{"variables":[{"name":"vURL","type":"string","value":"https://apps.powerapps.com/play/5fc20ad5-1753-4188-9426-53174ad4b88c?tenantId=3ac4ca00-2fc7-461f-90ca-497e2b3db5df?Role=Manager&ItemID=\n@{triggerOutputs()?['body/ID']}"}]}}}},"connectionReferences":{"shared_sharepointonline":{"connectionName":"8d030b88739c4ff39cfe4f6c9e5675db","source":"Embedded","id":"/providers/Microsoft.PowerApps/apis/shared_sharepointonline","tier":"NotSpecified"},"shared_office365":{"connectionName":"d7d2a23a413c494fb8eb45d7428313d3","source":"Embedded","id":"/providers/Microsoft.PowerApps/apis/shared_office365","tier":"NotSpecified"}},"flowFailureAlertSubscribed":false}}