{"name":"ac40941f-795e-444c-972d-5807f02d7bd5","id":"/providers/Microsoft.Flow/flows/ac40941f-795e-444c-972d-5807f02d7bd5","type":"Microsoft.Flow/flows","properties":{"apiId":"/providers/Microsoft.PowerApps/apis/shared_logicflows","displayName":"SaveAttachment","definition":{"metadata":{"workflowEntityId":null,"flowclientsuspensionreason":"None","flowclientsuspensiontime":null,"creator":{"id":"232caa58-dba1-4aba-80b9-62968acd8191","type":"User","tenantId":"b714e32b-dad0-4ea8-ba7e-9e0b41e74179"},"provisioningMethod":"FromDefinition","failureAlertSubscription":true,"clientLastModifiedTime":"2021-01-11T09:59:27.5447085Z"},"$schema":"https://schema.management.azure.com/providers/Microsoft.Logic/schemas/2016-06-01/workflowdefinition.json#","contentVersion":"1.0.0.0","parameters":{"$connections":{"defaultValue":{},"type":"Object"},"$authentication":{"defaultValue":{},"type":"SecureObject"}},"triggers":{"manual":{"type":"Request","kind":"PowerApp","inputs":{"schema":{"type":"object","properties":{"Addattachment_Id":{"type":"integer","format":"int64","description":"Id of the list item to attach the file to.","x-ms-powerflows-param-ispartial":false},"Addattachment_FileContent":{"type":"string","format":"binary","description":"Content of the file.","x-ms-powerflows-param-ispartial":false}},"required":["Addattachment_Id","Addattachment_FileContent"]}}}},"actions":{"Add_attachment":{"runAfter":{},"type":"OpenApiConnection","inputs":{"host":{"apiId":"/providers/Microsoft.PowerApps/apis/shared_sharepointonline","connectionName":"shared_sharepointonline","operationId":"CreateAttachment"},"parameters":{"dataset":"https://ray26.sharepoint.com/sites/AIDemos","table":"55fc8505-e767-4637-859a-08839130898c","itemId":"@triggerBody()['Addattachment_Id']","displayName":"MyInvoice.pdf","body":"@dataUriToBinary(triggerBody()['Addattachment_FileContent'])"},"authentication":{"value":"@json(decodeBase64(triggerOutputs().headers['X-MS-APIM-Tokens']))['$ConnectionKey']","type":"Raw"}}}}},"connectionReferences":{"shared_sharepointonline":{"connectionName":"6994cd9394e34f1d90fcf83eee271184","source":"Invoker","id":"/providers/Microsoft.PowerApps/apis/shared_sharepointonline","tier":"NotSpecified"}},"flowFailureAlertSubscribed":false}}