{"schemaVersion":"1.0","appDefinitionTemplate":{"id":"/providers/Microsoft.PowerApps/apps/","type":"Microsoft.PowerApps/apps","tags":{"primaryDeviceWidth":"1366","primaryDeviceHeight":"768","sienaVersion":"20200909T021504Z-3.20083.24.0","deviceCapabilities":"","supportsPortrait":"false","supportsLandscape":"true","primaryFormFactor":"Tablet","publisherVersion":"3.20083.24","minimumRequiredApiVersion":"2.2.0","hasComponent":"false","hasUnlockedComponent":"false","isUnifiedRootApp":"false"},"properties":{"appVersion":"2020-09-09T02:15:04Z","lifeCycleId":"Published","createdByClientVersion":{"major":3,"minor":20083,"build":24,"revision":0,"majorRevision":0,"minorRevision":0},"minClientVersion":{"major":3,"minor":20083,"build":24,"revision":0,"majorRevision":0,"minorRevision":0},"backgroundColor":"rgba(0, 176, 240, 1)","backgroundImageUri":"/9237596742381800270/N61c6a874-714a-4979-843c-1c224d2d8e25-logoSmallFile","displayName":"Invoice Approval","description":"","commitMessage":"","appUris":{"documentUri":{"value":"/9237596742381800270/Nbd6a3bf5-8506-491a-bb82-cbc1dd83e42e-document.msapp","readonlyValue":"/9237596742381800270/Nbd6a3bf5-8506-491a-bb82-cbc1dd83e42e-document.msapp"},"imageUris":[]},"createdTime":"0001-01-01T00:00:00Z","lastModifiedTime":"0001-01-01T00:00:00Z","sharedGroupsCount":0,"sharedUsersCount":0,"icons":{"smallIconUri":"/9237596742381800270/N098d509f-4bce-4638-bf41-78cab31a5f61-small.png","mediumIconUri":"/9237596742381800270/N8da0c0ea-0431-4b7a-8448-38bd604203aa-medium.png","largeIconUri":"/9237596742381800270/N0aad3fc5-a4d6-466f-b048-d08b22dcba34-large.png","wideIconUri":"/9237596742381800270/N0c948044-854e-47a7-9c11-67133aaab5db-wide.png"},"connectionReferences":{"295a022f-6918-4668-a263-7017d096cc3d":{"id":"0a4e820a-b965-4a3f-8be4-2f216cb60108","displayName":"SharePoint","iconUri":"https://connectoricons-prod.azureedge.net/releases/v1.0.1389/1.0.1389.2117/sharepointonline/icon.png","dataSources":["Invoice Product","Invoice"],"dependencies":[],"dependents":[],"parameterHints":{},"isOnPremiseConnection":false,"bypassConsent":false,"dataSets":{"https://ray26.sharepoint.com/sites/HealthCare":{"dataSources":{"Invoice Product":{"tableName":"75719380-98b1-444f-ba3b-828f57121582"},"Invoice":{"tableName":"2422304e-e4d6-4df1-a2c4-66a091af8f13"}}}},"apiTier":"Standard","isCustomApiConnection":false}},"databaseReferences":{"default.cds":{"databaseDetails":{"referenceType":"Environmental","environmentName":"default.cds"},"dataSources":{"43b0dc67-68af-47ae-9a9c-9e69d396ba3e":{"entitySetName":"msdyn_aimodels","logicalName":"msdyn_aimodel"}}}},"almMode":"Environment","performanceOptimizationEnabled":true,"canConsumeAppPass":true,"executionRestrictions":{"isTeamsOnly":false,"dataLossPreventionEvaluationResult":{"status":"Compliant","lastEvaluationDate":"2020-09-09T01:18:05.7178087Z","violationDetails":[]}}},"isAppComponentLibrary":false,"appType":"ClassicCanvasApp","appComponents":[]}}