{"schemaVersion":"1.0","appDefinitionTemplate":{"id":"/providers/Microsoft.PowerApps/apps/","type":"Microsoft.PowerApps/apps","tags":{"primaryDeviceWidth":"640","primaryDeviceHeight":"1136","sienaVersion":"20201031T122247Z-3.20103.28.0","deviceCapabilities":"webcam","supportsPortrait":"true","supportsLandscape":"false","primaryFormFactor":"Phone","publisherVersion":"3.20103.28","minimumRequiredApiVersion":"2.2.0","hasComponent":"false","hasUnlockedComponent":"false","isUnifiedRootApp":"false"},"properties":{"appVersion":"2020-10-31T12:22:47Z","lifeCycleId":"Published","createdByClientVersion":{"major":3,"minor":20103,"build":28,"revision":0,"majorRevision":0,"minorRevision":0},"minClientVersion":{"major":3,"minor":20103,"build":28,"revision":0,"majorRevision":0,"minorRevision":0},"backgroundColor":"rgba(0, 176, 240, 1)","backgroundImageUri":"/2161311706532696019/N7f734b30-7f04-4f41-b1e8-ef60b822af1f-logoSmallFile","displayName":"Global Biz apps -Mixed Reality Example-View in 3D and MR","description":"","commitMessage":"","appUris":{"documentUri":{"value":"/2161311706532696019/Ndcc10344-a9dc-46fc-8b62-cf75ea5889df-document.msapp","readonlyValue":"/2161311706532696019/Ndcc10344-a9dc-46fc-8b62-cf75ea5889df-document.msapp"},"imageUris":[]},"createdTime":"0001-01-01T00:00:00Z","lastModifiedTime":"0001-01-01T00:00:00Z","sharedGroupsCount":0,"sharedUsersCount":0,"icons":{"smallIconUri":"/2161311706532696019/N6bda39ee-40a9-49eb-92c1-e4209cf5af78-small.png","mediumIconUri":"/2161311706532696019/Nea33dd48-9e29-43a3-969c-3670db951c0e-medium.png","largeIconUri":"/2161311706532696019/N8c680e71-1be0-484a-9dd9-7d1cc597d332-large.png","wideIconUri":"/2161311706532696019/N1ed26732-e289-4ca7-ac46-403e96a99a36-wide.png"},"connectionReferences":{"979764c7-dc52-4dd5-b8dd-2a080b464f3a":{"id":"69078a87-8f45-4a2f-8e27-cdab4f22b3fd","displayName":"SharePoint","iconUri":"https://connectoricons-prod.azureedge.net/releases/v1.0.1402/1.0.1402.2163/sharepointonline/icon.png","dataSources":["3D Object"],"dependencies":[],"dependents":[],"parameterHints":{},"isOnPremiseConnection":false,"bypassConsent":false,"dataSets":{"https://dshah27.sharepoint.com/sites/MixedReality":{"dataSources":{"3D Object":{"tableName":"45eef688-fc9e-4943-a6a5-64a184175f11"}}}},"apiTier":"Standard","isCustomApiConnection":false}},"databaseReferences":{},"almMode":"Environment","performanceOptimizationEnabled":true,"canConsumeAppPass":true,"executionRestrictions":{"isTeamsOnly":false,"dataLossPreventionEvaluationResult":{"status":"Compliant","lastEvaluationDate":"2020-10-31T11:18:56.4357049Z","violationDetails":[]}}},"isAppComponentLibrary":false,"appType":"ClassicCanvasApp","appComponents":[]}}