{"schemaVersion":"1.0","appDefinitionTemplate":{"id":"/providers/Microsoft.PowerApps/apps/","type":"Microsoft.PowerApps/apps","tags":{"primaryDeviceWidth":"1366","primaryDeviceHeight":"768","sienaVersion":"20200825T034335Z-3.20081.23.0","deviceCapabilities":"","supportsPortrait":"false","supportsLandscape":"true","primaryFormFactor":"Tablet","publisherVersion":"3.20081.23","minimumRequiredApiVersion":"2.2.0","hasComponent":"false","hasUnlockedComponent":"false","isUnifiedRootApp":"false"},"properties":{"appVersion":"2020-08-25T03:43:35Z","lifeCycleId":"Published","createdByClientVersion":{"major":3,"minor":20081,"build":23,"revision":0,"majorRevision":0,"minorRevision":0},"minClientVersion":{"major":3,"minor":20081,"build":23,"revision":0,"majorRevision":0,"minorRevision":0},"backgroundColor":"rgba(0, 176, 240, 1)","backgroundImageUri":"/12808304015847017819/N4f333cd1-6a90-4fe2-b74c-ccb3a02f778a-logoSmallFile","displayName":"SalesPrediction","description":"","commitMessage":"","appUris":{"documentUri":{"value":"/12808304015847017819/N909d6a1c-fe67-43c0-a9ae-f06b232350bb-document.msapp","readonlyValue":"/12808304015847017819/N909d6a1c-fe67-43c0-a9ae-f06b232350bb-document.msapp"},"imageUris":[]},"createdTime":"0001-01-01T00:00:00Z","lastModifiedTime":"0001-01-01T00:00:00Z","sharedGroupsCount":0,"sharedUsersCount":0,"icons":{"smallIconUri":"/12808304015847017819/N348bddf4-653a-4b04-b158-b08794c085d6-small.png","mediumIconUri":"/12808304015847017819/N841bd02b-8733-4134-8b83-694534c663cf-medium.png","largeIconUri":"/12808304015847017819/N1d207425-c6cd-462f-b1d4-0e2689e56266-large.png","wideIconUri":"/12808304015847017819/Neaa12484-26e7-4c8c-9f8e-167b72f46e8a-wide.png"},"connectionReferences":{"3d3624d6-556e-4109-a846-9b85a48652cc":{"id":"5e83171d-51bc-4dc8-bc24-09ecec99b668","displayName":"Logic flows","iconUri":"https://resourcestackdeploy.blob.core.windows.net/scripts/13276078.png","dataSources":["PowerApp->vIsPublicHoliday,vInPublicHoliday,vWeekDay,Predict"],"dependencies":["9598eec3-33aa-476d-8cf9-4583a54eb85a"],"dependents":[],"parameterHints":{"workflowName":{"value":"8a4957d7-b8aa-4f72-afb0-6c7ec1fedc5b"},"9598eec3-33aa-476d-8cf9-4583a54eb85a":{"value":"shared_commondataserviceforapps"}},"isOnPremiseConnection":false,"bypassConsent":false,"dataSets":{},"apiTier":"Standard","isCustomApiConnection":false},"9598eec3-33aa-476d-8cf9-4583a54eb85a":{"id":"4c711a85-f62c-4830-adea-94f5a85e17d6","displayName":"Common Data Service (current environment)","iconUri":"https://connectoricons-prod.azureedge.net/commondataservice/icon_1.0.1002.1175.png","dataSources":[],"dependencies":[],"dependents":["3d3624d6-556e-4109-a846-9b85a48652cc"],"parameterHints":{},"isOnPremiseConnection":false,"bypassConsent":false,"dataSets":{},"apiTier":"Standard","isCustomApiConnection":false}},"databaseReferences":{},"almMode":"Solution","performanceOptimizationEnabled":true,"canConsumeAppPass":true},"isAppComponentLibrary":false,"appType":"ClassicCanvasApp","appComponents":[]}}