{"schemaVersion":"1.0","appDefinitionTemplate":{"id":"/providers/Microsoft.PowerApps/apps/","type":"Microsoft.PowerApps/apps","tags":{"primaryDeviceWidth":"1366","primaryDeviceHeight":"768","sienaVersion":"20210118T124452Z-3.20123.24.0","deviceCapabilities":"","supportsPortrait":"false","supportsLandscape":"true","primaryFormFactor":"Tablet","publisherVersion":"3.20123.24","minimumRequiredApiVersion":"2.2.0","hasComponent":"true","hasUnlockedComponent":"true","isUnifiedRootApp":"false"},"properties":{"appVersion":"2021-01-18T12:44:52Z","lifeCycleId":"Published","createdByClientVersion":{"major":3,"minor":20123,"build":24,"revision":0,"majorRevision":0,"minorRevision":0},"minClientVersion":{"major":3,"minor":20123,"build":24,"revision":0,"majorRevision":0,"minorRevision":0},"backgroundColor":"rgba(0, 176, 240, 1)","backgroundImageUri":"/6304589877840577543/N793b19b7-ddb1-431f-8fac-6887c3bae00c-logoSmallFile","displayName":"Multi Step Form","description":"","commitMessage":"","appUris":{"documentUri":{"value":"/6304589877840577543/Nfcd09ace-b74f-4167-87da-e841eb69496b-document.msapp"},"imageUris":[]},"createdTime":"0001-01-01T00:00:00Z","lastModifiedTime":"0001-01-01T00:00:00Z","sharedGroupsCount":0,"sharedUsersCount":0,"icons":{"smallIconUri":"/6304589877840577543/N460e3fcc-455a-4f6f-af16-7621d41e4c66-small.png","mediumIconUri":"/6304589877840577543/N3e5be6ed-e3cb-4476-9abb-aba57be02c36-medium.png","largeIconUri":"/6304589877840577543/N12fc5668-8c60-4b14-8f01-be9fe8db8240-large.png","wideIconUri":"/6304589877840577543/N5d3622ce-f128-45ac-89f1-b939c79d33c9-wide.png"},"connectionReferences":{},"databaseReferences":{"default.cds":{"databaseDetails":{"referenceType":"Environmental","environmentName":"default.cds"},"dataSources":{"Employee Onboardings":{"entitySetName":"cr2d8_employeeonboardings","logicalName":"cr2d8_employeeonboarding"}}}},"almMode":"Environment","performanceOptimizationEnabled":true,"canConsumeAppPass":true,"executionRestrictions":{"isTeamsOnly":false,"dataLossPreventionEvaluationResult":{"status":"Compliant","lastEvaluationDate":"2021-01-17T04:48:24.7515859Z","violationDetails":[]}}},"isAppComponentLibrary":false,"appType":"ClassicCanvasApp","appComponents":[]}}